OFFICE NAME,PINCODE,DISTRICT
Government Estate S.O,600002,CHENNAI
Tiruvanmiyur North S.O,600041,CHENNAI
Tidel Park S.O,600113,CHENNAI
Anna Nagar Western Extn S.O,600101,CHENNAI
Chamiers Road S.O,600018,CHENNAI
Abiramapuram S.O,600018,CHENNAI
Anna Road H.O,600002,CHENNAI
Chennai G.P.O. ,600001,CHENNAI
Chepauk S.O,600005,CHENNAI
Chintadripet S.O,600002,CHENNAI
Choolaimedu S.O,600094,CHENNAI
Eldams Road S.O,600018,CHENNAI
Erukkancheri B.O,600118,CHENNAI
Gaudiyamath Road S.O,600014,CHENNAI
Gopalapuram S.O,600086,CHENNAI
Greams Road S.O,600006,CHENNAI
Hindi Prachar Sabha S.O,600017,CHENNAI
Jam Bazaar S.O,600014,CHENNAI
Krishnampet S.O,600005,CHENNAI
Lloyds Estate S.O,600014,CHENNAI
Loyola College S.O,600034,CHENNAI
Madras Electricity System S.O,600002,CHENNAI
Madras Presidency College S.O,600005,CHENNAI
Madras University S.O,600005,CHENNAI
Mandaveli S.O,600004,CHENNAI
Mylapore H.O,600004,CHENNAI
Nungambakkam Bazaar S.O,600034,CHENNAI
Nungambakkam High Road S.O,600034,CHENNAI
Nungambakkam S.O,600034,CHENNAI
Nungambakkam S.O,600034,CHENNAI
Old College Buildings S.O,600006,CHENNAI
Parthasarathy Koil S.O,600005,CHENNAI
Pr. Accountatn General S.O,600018,CHENNAI
Pudupakkam S.O,600014,CHENNAI
Royapettah High Road S.O,600004,CHENNAI
Royapettah S.O,600014,CHENNAI
Rv Nagar B.O,600118,CHENNAI
Santhome S.O,600004,CHENNAI
Shastri Bhavan S.O,600006,CHENNAI
Teynampet S.O,600018,CHENNAI
Teynampet South S.O,600018,CHENNAI
Teynampet West S.O,600006,CHENNAI
Thygaraya Nagar H.O,600017,CHENNAI
Thygaraya Nagar North S.O,600017,CHENNAI
Thygaraya Nagar South S.O,600017,CHENNAI
Tiruvallikkeni S.O,600005,CHENNAI
Triplicane South S.O,600014,CHENNAI
Vivekananda College Madras S.O,600004,CHENNAI
Kodungaiyur S.O,600118,CHENNAI
Adyar S.O,600020,CHENNAI
Ashoknagar S.O,600083,CHENNAI
Besantnagar S.O,600090,CHENNAI
Central Institute Of Technolog S.O,600113,CHENNAI
Central Leather Research Insti S.O,600020,CHENNAI
Chennai Race Course S.O,600032,CHENNAI
Defence Officer's Colony S.O,600032,CHENNAI
Directorate Of Tech Education S.O,600025,CHENNAI
Ekkaduthangal S.O,600032,CHENNAI
Engineering College S.O,600025,CHENNAI
Foreshore Estate S.O,600028,CHENNAI
Guindy Industrial Estate S.O,600032,CHENNAI
Guindy North S.O,600015,CHENNAI
Indian Institute Of Technology S.O,600036,CHENNAI
Indira Nagar S.O,600020,CHENNAI
Jafferkhanpet S.O,600083,CHENNAI
Kalaignar Karunanidhi Nagar S.O,600078,CHENNAI
Kasturibai Nagar S.O,600020,CHENNAI
Kdm West(Mer With Kdm) S.O,600024,CHENNAI
Kodambakkam S.O,600024,CHENNAI
Kotturpuram S.O,600085,CHENNAI
Koyambedu Wholesale Market Com S.O,600092,CHENNAI
Kumaran Nagar S.O,600033,CHENNAI
Mambalam R.S. S.O,600033,CHENNAI
Mettupalayam(Mer With West Mam S.O,600033,CHENNAI
Nandanam S.O,600035,CHENNAI
Raja Annamalaipuram S.O,600028,CHENNAI
Rajbhavan S.O,600022,CHENNAI
Ramakrishna Nagar S.O,600028,CHENNAI
Rangarajapuram S.O,600024,CHENNAI
Saidapet North S.O,600015,CHENNAI
Saidapet S.O,600015,CHENNAI
Saidapet West(Mer With Sdp) S.O,600015,CHENNAI
Saligramam S.O,600093,CHENNAI
Shastri Nagar S.O,600020,CHENNAI
Sri Ayyappa Nagar S.O,600092,CHENNAI
Theosophical Society S.O,600020,CHENNAI
Tiruvanmiyur S.O,600041,CHENNAI
Ttti Taramani S.O,600113,CHENNAI
Vadapalani S.O,600026,CHENNAI
Velacheri S.O,600042,CHENNAI
Virugambakkam S.O,600092,CHENNAI
West Mambalam S.O,600033,CHENNAI
Ethiraj Salai S.O,600008,CHENNAI
Aminjikarai S.O,600029,CHENNAI
Anna Nagar S.O,600040,CHENNAI
Chetput S.O,600031,CHENNAI
D G Vaishnav College S.O,600106,CHENNAI
Egmore S.O,600008,CHENNAI
Egmore S.O,600008,CHENNAI
P C Hostel S.O,600030,CHENNAI
Pudupet S.O,600002,CHENNAI
Rayapuram S.O,600013,CHENNAI
Royapuram Market S.O,600013,CHENNAI
Shenoy Nagar S.O,600030,CHENNAI
World University Centre S.O,600031,CHENNAI
Arumbakkam S.O,600106,CHENNAI
Koyambedu S.O,600107,CHENNAI
Nerkundram B.O,600107,CHENNAI
Agaram S.O,600082,CHENNAI
Anna Nagar East S.O,600102,CHENNAI
Aynavaram S.O,600023,CHENNAI
Choolai S.O,600112,CHENNAI
Decosters Road S.O,600012,CHENNAI
Flowers Road S.O,600084,CHENNAI
Icf Colony S.O,600038,CHENNAI
Jawahar Nagar S.O,600082,CHENNAI
Kilpauk Medical College S.O,600010,CHENNAI
Kilpauk S.O,600010,CHENNAI
Kosapet S.O,600012,CHENNAI
New Avadi Road S.O,600010,CHENNAI
Perambur Barracks S.O,600012,CHENNAI
Perambur High Road S.O,600012,CHENNAI
Perambur North S.O,600011,CHENNAI
Perambur S.O,600011,CHENNAI
Puliyanthope S.O,600012,CHENNAI
Purasawalkam S.O,600084,CHENNAI
Rajathottam S.O,600082,CHENNAI
Sembiam S.O,600011,CHENNAI
Strahans Road S.O,600012,CHENNAI
Venkatesapuram S.O,600012,CHENNAI
Vepery S.O,600007,CHENNAI
G K M Colony S.O,600082,CHENNAI
Broadway S.O,600108,CHENNAI
Cemetry Road S.O,600021,CHENNAI
Dr. Ambedkar Nagar S.O,600003,CHENNAI
Edapalayam S.O,600003,CHENNAI
Fort St George S.O,600009,CHENNAI
Govt Stanley Hospital S.O,600001,CHENNAI
High Court Building S.O,600104,CHENNAI
Kalmandapam S.O,600013,CHENNAI
Madras Medical College S.O,600003,CHENNAI
Mannady S.O,600001,CHENNAI
Mint Building S.O,600079,CHENNAI
Muthialpet(MS) S.O,600001,CHENNAI
Park Town H.O,600003,CHENNAI
Ripon Buildings S.O,600003,CHENNAI
Seven Wells S.O,600001,CHENNAI
Sowcarpet S.O,600079,CHENNAI
Sowcarpet S.O,600079,CHENNAI
Tondiarpet Bazaar S.O,600081,CHENNAI
Tondiarpet S.O,600081,CHENNAI
Tondiarpet West S.O,600081,CHENNAI
Vyasar Nagar Colony S.O,600039,CHENNAI
Vyasarpadi S.O,600039,CHENNAI
Washermanpet East S.O,600021,CHENNAI
Washermanpet S.O,600021,CHENNAI
MPT AO S.O,600001,CHENNAI
Golluvar Agraharam Road S.O,600021,CHENNAI
Korrukupet S.O,600021,CHENNAI
