OFFICE NAME,PINCODE,TALUK,DISTRICT
Madras Electricity System S.O,600002,CHENNAI,CHENNAI
Mylapore H.O,600004,CHENNAI,CHENNAI
Madras University S.O,600005,CHENNAI,CHENNAI
Greams Road S.O,600006,CHENNAI,CHENNAI
Lloyds Estate S.O,600014,CHENNAI,CHENNAI
Guindy North S.O,600015,CHENNAI CITY CORPORATION,CHENNAI
Hindi Prachar Sabha S.O,600017,CHENNAI,CHENNAI
Indira Nagar S.O,600020,CHENNAI CITY CORPORATION,CHENNAI
Rajbhavan S.O,600022,CHENNAI CITY CORPORATION,CHENNAI
Kodambakkam S.O,600024,CHENNAI CITY CORPORATION,CHENNAI
Engineering College S.O,600025,CHENNAI CITY CORPORATION,CHENNAI
Vadapalani S.O,600026,CHENNAI CITY CORPORATION,CHENNAI
Raja Annamalaipuram S.O,600028,CHENNAI CITY CORPORATION,CHENNAI
Ekkaduthangal S.O,600032,CHENNAI CITY CORPORATION,CHENNAI
Mettupalayam(Mer With West Mam S.O,600033,CHENNAI CITY CORPORATION,CHENNAI
Nungambakkam S.O,600034,CHENNAI,CHENNAI
Nandanam S.O,600035,CHENNAI CITY CORPORATION,CHENNAI
Indian Institute Of Technology S.O,600036,CHENNAI CITY CORPORATION,CHENNAI
Tiruvanmiyur S.O,600041,CHENNAI CITY CORPORATION,CHENNAI
Velacheri S.O,600042,CHENNAI CITY CORPORATION,CHENNAI
Kalaignar Karunanidhi Nagar S.O,600078,CHENNAI CITY CORPORATION,CHENNAI
Jafferkhanpet S.O,600083,CHENNAI CITY CORPORATION,CHENNAI
Kotturpuram S.O,600085,CHENNAI CITY CORPORATION,CHENNAI
Gopalapuram S.O,600086,CHENNAI,CHENNAI
Besantnagar S.O,600090,CHENNAI CITY CORPORATION,CHENNAI
Koyambedu Wholesale Market Com S.O,600092,CHENNAI CITY CORPORATION,CHENNAI
Saligramam S.O,600093,CHENNAI CITY CORPORATION,CHENNAI
Choolaimedu S.O,600094,CHENNAI,CHENNAI
Central Institute Of Technolog S.O,600113,CHENNAI CITY CORPORATION,CHENNAI
Rv Nagar B.O,600118,CHENNAI,CHENNAI
