OFFICE NAME,PINCODE,TALUK,DISTRICT
Coimbatore Bazaar S.O,641001,COIMBATORE SOUTH,COIMBATORE
R.S.Puram East S.O,641002,COIMBATORE SOUTH,COIMBATORE
Lawley Road S.O,641003,COIMBATORE SOUTH,COIMBATORE
Peelamedu S.O,641004,COIMBATORE SOUTH,COIMBATORE
Nandanagar S.O,641005,COIMBATORE SOUTH,COIMBATORE
Maniakarampalayam B.O,641006,COIMBATORE SOUTH,COIMBATORE
Veerakeralam B.O,641007,COIMBATORE SOUTH,COIMBATORE
Sugunapuram B.O,641008,COIMBATORE SOUTH,COIMBATORE
Ramnagar S.O,641009,COIMBATORE SOUTH,COIMBATORE
Titipalayam B.O,641010,COIMBATORE SOUTH,COIMBATORE
Saibaba Mission S.O,641011,COIMBATORE SOUTH,COIMBATORE
Tatabad S.O,641012,COIMBATORE SOUTH,COIMBATORE
Govt.College Of Technology S.O,641013,COIMBATORE NORTH,COIMBATORE
Coimbatore Aerodrome S.O,641014,COIMBATORE SOUTH,COIMBATORE
Uppilipalayam S.O,641015,COIMBATORE SOUTH,COIMBATORE
Edayapalayam B.O,641016,COIMBATORE SOUTH,COIMBATORE
Pannimadai B.O,641017,COIMBATORE NORTH,COIMBATORE
Coimbatore Courts S.O,641018,COIMBATORE SOUTH,COIMBATORE
Bilichi B.O,641019,COIMBATORE NORTH,COIMBATORE
Periyanaickenpalayam S.O,641020,COIMBATORE NORTH,COIMBATORE
Eachanari B.O,641021,COIMBATORE SOUTH,COIMBATORE
Sengalipalayam B.O,641022,COIMBATORE NORTH,COIMBATORE
Konavaikalpalayam B.O,641023,COIMBATORE SOUTH,COIMBATORE
Sundarapuram S.O,641024,COIMBATORE SOUTH,COIMBATORE
Velandipalayam S.O,641025,COIMBATORE SOUTH,COIMBATORE
Komarapalayam S.O,641026,COIMBATORE SOUTH,COIMBATORE
Rathinapuri S.O,641027,COIMBATORE SOUTH,COIMBATORE
Sowripalayam S.O,641028,COIMBATORE SOUTH,COIMBATORE
Vellakinar B.O,641029,COIMBATORE NORTH,COIMBATORE
Kavundampalayam B.O,641030,COIMBATORE NORTH,COIMBATORE
Rakkipalayam B.O,641031,COIMBATORE NORTH,COIMBATORE
Myleripalayam B.O,641032,COIMBATORE SOUTH,COIMBATORE
Neelikonampalayam S.O,641033,COIMBATORE SOUTH,COIMBATORE
Tudiyalur S.O,641034,COIMBATORE NORTH,COIMBATORE
Saravanampatti S.O,641035,COIMBATORE NORTH,COIMBATORE
Nanjundapuram S.O,641036,COIMBATORE SOUTH,COIMBATORE
Pappanaickenpalayam S.O,641037,COIMBATORE SOUTH,COIMBATORE
Kuppakonanpudur S.O,641038,COIMBATORE SOUTH,COIMBATORE
Telungupalayam S.O,641039,COIMBATORE SOUTH,COIMBATORE
Kovaipudur S.O,641042,COIMBATORE SOUTH,COIMBATORE
Sahs College S.O,641043,COIMBATORE SOUTH,COIMBATORE
Siddhapudur S.O,641044,COIMBATORE SOUTH,COIMBATORE
Krishnaswamy Nagar S.O,641045,COIMBATORE SOUTH,COIMBATORE
Bharathiyar University S.O,641046,COIMBATORE SOUTH,COIMBATORE
Jothipuram S.O,641047,COIMBATORE NORTH,COIMBATORE
Sinniampalayam S.O,641062,COIMBATORE SOUTH,COIMBATORE
Tenkarai B.O,641101,COIMBATORE SOUTH,COIMBATORE
Madukkarai S.O,641105,COIMBATORE SOUTH,COIMBATORE
Vadugapalayam B.O,641107,COIMBATORE NORTH,COIMBATORE
Nanjundapuram-tadagam B.O,641108,COIMBATORE NORTH,COIMBATORE
Deenampalayam B.O,641109,COIMBATORE SOUTH,COIMBATORE
Vellamadai B.O,641110,COIMBATORE NORTH,COIMBATORE
Vellalore S.O,641111,COIMBATORE SOUTH,COIMBATORE
Karunyanagar S.O,641114,COIMBATORE SOUTH,COIMBATORE
Chettipalayam S.O,641201,COIMBATORE SOUTH,COIMBATORE
