OFFICE NAME,PINCODE,DISTRICT
Alagumalai B.O,641665,COIMBATORE
Bhujanganur B.O,641113,COIMBATORE
Kandiankoil B.O,641665,COIMBATORE
Karavalur S.O,641670,COIMBATORE
Koduvoi S.O,638660,COIMBATORE
Medur B.O,641113,COIMBATORE
Nambiampalayam B.O,641670,COIMBATORE
Pallikalipalayam S.O,641665,COIMBATORE
Peruntholuvu B.O,641665,COIMBATORE
Ramanathapuram B.O,641670,COIMBATORE
Seeliyur S.O,641113,COIMBATORE
Sirukinar B.O,641652,COIMBATORE
Somanur S.O,641668,COIMBATORE
Thekkampatti B.O,641113,COIMBATORE
Tholampalayam B.O,641113,COIMBATORE
Thonguttipalayam B.O,641665,COIMBATORE
Uppilipalayam B.O,641670,COIMBATORE
Vettuvapalayam B.O,641670,COIMBATORE
Vivekanandapuram B.O,641113,COIMBATORE
Avanash S.O,641654,COIMBATORE
Kalapatti S.O,641048,COIMBATORE
Kuppandampalayam B.O,641654,COIMBATORE
Periyayipalayam B.O,641654,COIMBATORE
Pudupalayam B.O,641654,COIMBATORE
Rakkiapalayam B.O,641654,COIMBATORE
Sembianallur B.O,641654,COIMBATORE
Sundakkampalayam B.O,638402,COIMBATORE
Thekkalur B.O,641654,COIMBATORE
Thulukkamuthur B.O,641654,COIMBATORE
Vadavalli S.O,641041,COIMBATORE
Vadugapalayam B.O,641654,COIMBATORE
Velayuthampalayam B.O,641654,COIMBATORE
15 Velampalayam B.O,641652,COIMBATORE
Alathur B.O,641655,COIMBATORE
Allapalayam B.O,641653,COIMBATORE
Annur-mettupalayam B.O,641653,COIMBATORE
Cheyur S.O,641655,COIMBATORE
Ellapalayam B.O,641697,COIMBATORE
Kanjapalli B.O,641653,COIMBATORE
Kanur B.O,641655,COIMBATORE
Karegoundenpalayam B.O,641697,COIMBATORE
Karukkankattupudur B.O,641601,COIMBATORE
Komarapalayam B.O,641653,COIMBATORE
Kuppanur B.O,641653,COIMBATORE
Mangarasavalayapalayam B.O,641655,COIMBATORE
Muriandampalayam B.O,641655,COIMBATORE
Nagammapudur B.O,641653,COIMBATORE
Nallichettipalayam B.O,641653,COIMBATORE
Odderpalayam B.O,641653,COIMBATORE
Pappankulam B.O,641655,COIMBATORE
Pasur-avanashi B.O,641653,COIMBATORE
Periaputhur B.O,641697,COIMBATORE
Pilliappampalayam B.O,641653,COIMBATORE
Pogalur S.O,641697,COIMBATORE
Ranganathapuram S.O,641654,COIMBATORE
Sokkampalayam B.O,641653,COIMBATORE
Thandukaranpalayam B.O,641655,COIMBATORE
Thomaspuram B.O,641654,COIMBATORE
Tirumuruganpoondi B.O,641652,COIMBATORE
Vadakkalur B.O,641653,COIMBATORE
Vadavalli-karamadai B.O,641697,COIMBATORE
Annur S.O,641653,COIMBATORE
Therampalayam B.O,641697,COIMBATORE
Veerapandi-tadagam B.O,641108,COIMBATORE
Kuttagam B.O,638462,COIMBATORE
Merkupathi B.O,638103,COIMBATORE
Vallipuram B.O,638103,COIMBATORE
Agraharasamakulam B.O,641110,COIMBATORE
Anaikatti B.O,641108,COIMBATORE
Athipalayam B.O,641110,COIMBATORE
Bilichi B.O,641019,COIMBATORE
Cherannagar S.O,641029,COIMBATORE
Coimbatore Press Colony S.O,641019,COIMBATORE
Edayarpalayam B.O,641025,COIMBATORE
Ganesapuram B.O,641107,COIMBATORE
Gnanambika Mills S.O,641029,COIMBATORE
Govt.College Of Technology S.O,641013,COIMBATORE
Gudalur-coimbatore B.O,641047,COIMBATORE
Idigarai B.O,641022,COIMBATORE
Jothipuram S.O,641047,COIMBATORE
Kallipalayam B.O,641107,COIMBATORE
Kattampatti-coimbatore B.O,641107,COIMBATORE
Kavundampalayam B.O,641030,COIMBATORE
Kavundampalayam Colony S.O,641030,COIMBATORE
Keeranatham B.O,641035,COIMBATORE
Kondayampalayam B.O,641110,COIMBATORE
Kottaipalayam B.O,641110,COIMBATORE
Kunnathurpudur B.O,641107,COIMBATORE
Kuppaipalayam B.O,641107,COIMBATORE
Kurumbapalayam B.O,641107,COIMBATORE
Masagoundenchettipalayam B.O,641107,COIMBATORE
N.G.G.O Colony S.O,641022,COIMBATORE
Naickenpalayam B.O,641020,COIMBATORE
Nanjundapuram-tadagam B.O,641108,COIMBATORE
Narasimhanaickenpalayam S.O,641031,COIMBATORE
Pachapalayam B.O,641107,COIMBATORE
Pannimadai B.O,641017,COIMBATORE
Pathanjalipuri B.O,641108,COIMBATORE
Periyanaickenpalayam S.O,641020,COIMBATORE
Ponnegoundenpudur B.O,641107,COIMBATORE
Rakkipalayam B.O,641031,COIMBATORE
Samichettipalayam B.O,641047,COIMBATORE
Saravanampatti S.O,641035,COIMBATORE
Sarkarsamakulam S.O,641107,COIMBATORE
Sengalipalayam B.O,641022,COIMBATORE
Somayampalayam B.O,641108,COIMBATORE
Sri Ramakrishna Vidyalaya S.O,641020,COIMBATORE
Tadagam S.O,641108,COIMBATORE
Thekkupalayam B.O,641020,COIMBATORE
Thoppampatti B.O,641017,COIMBATORE
Tudiyalur S.O,641034,COIMBATORE
Vadamadurai Kurudampalayam S.O,641017,COIMBATORE
Vadugapalayam B.O,641107,COIMBATORE
Vaiyampalayam S.O,641110,COIMBATORE
Veerapandi Periyanaickenpalaya B.O,641019,COIMBATORE
Vellakinar B.O,641029,COIMBATORE
Vellamadai B.O,641110,COIMBATORE
Vellanaipatti B.O,641035,COIMBATORE
Vilankurichi B.O,641035,COIMBATORE
Alandurai S.O,641101,COIMBATORE
Arisipalayam B.O,641032,COIMBATORE
Bharathiyar University S.O,641046,COIMBATORE
Bodipalayam B.O,641105,COIMBATORE
CBE Mpl.Central Busstand S.O,641018,COIMBATORE
Chettipalayam S.O,641201,COIMBATORE
Chinnavedampatti B.O,641006,COIMBATORE
Coimbatore Aerodrome S.O,641014,COIMBATORE
Coimbatore Anupparpalayam S.O,641009,COIMBATORE
Coimbatore Bazaar S.O,641001,COIMBATORE
Coimbatore Central S.O,641018,COIMBATORE
Coimbatore Collectorate S.O,641018,COIMBATORE
Coimbatore Courts S.O,641018,COIMBATORE
Coimbatore Fort S.O,641001,COIMBATORE
Coimbatore H.O,641001,COIMBATORE
Coimbatore Industrial Estate S.O,641021,COIMBATORE
Coimbatore Racecourse S.O,641018,COIMBATORE
Coimbatore South S.O,641001,COIMBATORE
Coimbatore Ukkadam S.O,641001,COIMBATORE
Coimbatore West S.O,641001,COIMBATORE
Commercial Tax Office Building S.O,641018,COIMBATORE
Deenampalayam B.O,641109,COIMBATORE
Devarayapuram B.O,641109,COIMBATORE
Dhaliyur B.O,641109,COIMBATORE
Eachanari B.O,641021,COIMBATORE
Edayapalayam B.O,641016,COIMBATORE
Elur B.O,641032,COIMBATORE
Ettimadai B.O,641105,COIMBATORE
Ganapathy S.O,641006,COIMBATORE
Gandhimaanagar S.O,641004,COIMBATORE
Gandhipuram S.O,641012,COIMBATORE
Ikkarai Boluvampatti B.O,641109,COIMBATORE
Jakkirnaickenpalayam B.O,641109,COIMBATORE
Kalampalayam B.O,641010,COIMBATORE
Kallapalayam B.O,641201,COIMBATORE
Kandegounden Salai B.O,641105,COIMBATORE
Karunyanagar S.O,641114,COIMBATORE
Komarapalayam S.O,641026,COIMBATORE
Konavaikalpalayam B.O,641023,COIMBATORE
Kovaipudur S.O,641042,COIMBATORE
Krishnarayapuram B.O,641006,COIMBATORE
Krishnaswamy Nagar S.O,641045,COIMBATORE
Kumittipathi B.O,641032,COIMBATORE
Kuniamuthur S.O,641008,COIMBATORE
Kuppakonanpudur S.O,641038,COIMBATORE
Kuppanur B.O,641010,COIMBATORE
Lawley Road S.O,641003,COIMBATORE
Madampatti B.O,641010,COIMBATORE
Madhvarayapuram B.O,641101,COIMBATORE
Madukkarai Cusba B.O,641105,COIMBATORE
Madukkarai S.O,641105,COIMBATORE
Malumichampatti B.O,641021,COIMBATORE
Maniakarampalayam B.O,641006,COIMBATORE
Marudamalai B.O,641046,COIMBATORE
Masthigoundenpathi B.O,641032,COIMBATORE
Mathipalayam B.O,641101,COIMBATORE
Meenakshipuram B.O,641032,COIMBATORE
Mylampatti B.O,641014,COIMBATORE
Myleripalayam B.O,641032,COIMBATORE
Nandanagar S.O,641005,COIMBATORE
Nanjundapuram S.O,641036,COIMBATORE
Narasipuram B.O,641109,COIMBATORE
Nathegoundenpudur B.O,641101,COIMBATORE
Neelikonampalayam S.O,641033,COIMBATORE
Nilambur B.O,641014,COIMBATORE
Odayampalayam B.O,641028,COIMBATORE
Ondipudur S.O,641016,COIMBATORE
Othakkalmandapam S.O,641032,COIMBATORE
P&t Staff Quarters B.O,641011,COIMBATORE
Palathurai B.O,641105,COIMBATORE
Panapatti B.O,641201,COIMBATORE
Pappampatti B.O,641016,COIMBATORE
Pappanaickenpalayam S.O,641037,COIMBATORE
Pappanaickenpalayam West S.O,641037,COIMBATORE
Pappanaickenpudur S.O,641041,COIMBATORE
Pattanam B.O,641016,COIMBATORE
Peelamedu East S.O,641004,COIMBATORE
Peelamedu S.O,641004,COIMBATORE
Periyakuyilai B.O,641201,COIMBATORE
Perur Chettipalayam B.O,641010,COIMBATORE
Perur S.O,641010,COIMBATORE
Pichanur B.O,641105,COIMBATORE
Pidampalli B.O,641016,COIMBATORE
Podanur Newtown S.O,641023,COIMBATORE
Podanur S.O,641023,COIMBATORE
Puliyakulam S.O,641045,COIMBATORE
Puluvapatti B.O,641101,COIMBATORE
R.S.Puram East S.O,641002,COIMBATORE
R.S.Puram South S.O,641002,COIMBATORE
R.S.Puram West S.O,641002,COIMBATORE
Ramanathapuram S.O,641045,COIMBATORE
Ramnagar S.O,641009,COIMBATORE
Rathinapuri S.O,641027,COIMBATORE
Rathinasabapathy Puram H.O,641002,COIMBATORE
Redfields S.O,641018,COIMBATORE
S.B.Institute S.O,641007,COIMBATORE
Sahs College S.O,641043,COIMBATORE
Saibaba Mission S.O,641011,COIMBATORE
Seeranaickenpalayam B.O,641007,COIMBATORE
Selvapuram B.O,641026,COIMBATORE
Semmedu B.O,641114,COIMBATORE
Siddhapudur S.O,641044,COIMBATORE
Singanallur S.O,641005,COIMBATORE
Sinnanavakkarai B.O,641105,COIMBATORE
Sinniampalayam S.O,641062,COIMBATORE
Siruvani Adivaram B.O,641114,COIMBATORE
Sowripalayam S.O,641028,COIMBATORE
Sugunapuram B.O,641008,COIMBATORE
Sukkirawarapettai S.O,641001,COIMBATORE
Sundakkamuthur B.O,641010,COIMBATORE
Sundapalayam B.O,641007,COIMBATORE
Sundarapuram S.O,641024,COIMBATORE
Tatabad S.O,641012,COIMBATORE
Telungupalayam S.O,641039,COIMBATORE
Tenkarai B.O,641101,COIMBATORE
Thennamanallur B.O,641109,COIMBATORE
Thirumalayampalayam B.O,641105,COIMBATORE
Thondamuthur S.O,641109,COIMBATORE
Titipalayam B.O,641010,COIMBATORE
Uppilipalayam S.O,641015,COIMBATORE
Valukkuparai B.O,641032,COIMBATORE
Vedapatti B.O,641007,COIMBATORE
Veerakeralam B.O,641007,COIMBATORE
Velandipalayam S.O,641025,COIMBATORE
Vellalapalayam Podanur B.O,641111,COIMBATORE
Vellalore S.O,641111,COIMBATORE
Venkitapuram B.O,641014,COIMBATORE
Viraliyur B.O,641109,COIMBATORE
Pattampalayam B.O,638458,COIMBATORE
Sokkanur B.O,638103,COIMBATORE
Thirumalaigoundenpalayam B.O,638462,COIMBATORE
Karamadai S.O,641104,COIMBATORE
Pillurdam B.O,641104,COIMBATORE
Sirumugai S.O,641302,COIMBATORE
Akkaraisengapalli B.O,641302,COIMBATORE
Alancombu B.O,641302,COIMBATORE
Belladi B.O,641104,COIMBATORE
Bellaipalayam B.O,641302,COIMBATORE
Chikkarampalayam B.O,641104,COIMBATORE
Dasanur B.O,641305,COIMBATORE
Doddapura B.O,638461,COIMBATORE
Illuppapalayam B.O,641302,COIMBATORE
Kallar B.O,641305,COIMBATORE
Kariampalayam B.O,641671,COIMBATORE
Mahadevapuram S.O,641305,COIMBATORE
Mangalakaraipudur B.O,641104,COIMBATORE
Marudur B.O,641104,COIMBATORE
Mettupalayam Bazaar S.O,641301,COIMBATORE
Mettupalayam East S.O,641301,COIMBATORE
Mettupalayam H.O,641301,COIMBATORE
Nellithurai B.O,641305,COIMBATORE
Palapatti B.O,641305,COIMBATORE
Paralipower House B.O,641104,COIMBATORE
Periakallipatti B.O,641302,COIMBATORE
Pillurdam S.O,641106,COIMBATORE
Sinnakallipatti B.O,641302,COIMBATORE
Thimmanur B.O,641302,COIMBATORE
Velliankadu B.O,641104,COIMBATORE
Jadayampalayam B.O,641302,COIMBATORE
63 Velampalayam B.O,641663,COIMBATORE
Agraharapudur B.O,641663,COIMBATORE
Annupapatti B.O,641664,COIMBATORE
Appanaickenpatti B.O,641402,COIMBATORE
Arasur S.O,641402,COIMBATORE
Athappagoundenpudur B.O,641103,COIMBATORE
Bogampatti B.O,641658,COIMBATORE
Chandrapuram B.O,641669,COIMBATORE
Chennappachettipudur B.O,641659,COIMBATORE
Chinthamanipudur B.O,641103,COIMBATORE
Chittambalam B.O,641664,COIMBATORE
Devanampalayam B.O,641667,COIMBATORE
Doddampatti B.O,641667,COIMBATORE
Giddampalayam B.O,641659,COIMBATORE
Golenpet B.O,641401,COIMBATORE
Ichipatti B.O,641668,COIMBATORE
Irugur S.O,641103,COIMBATORE
J.Krishnapuram B.O,641671,COIMBATORE
Jalakarichal B.O,641658,COIMBATORE
Jallipatti B.O,641671,COIMBATORE
K.Ayyampalayam B.O,641662,COIMBATORE
Kadampadi B.O,641401,COIMBATORE
Kaduvettipalayam B.O,641659,COIMBATORE
Kalingal B.O,641402,COIMBATORE
Kallivelampatti B.O,641662,COIMBATORE
Kamanaickenpalayam B.O,641658,COIMBATORE
Kamatchipuram B.O,641103,COIMBATORE
Kammalapatti B.O,641671,COIMBATORE
Kangayampalayam S.O,641401,COIMBATORE
Kaniyur-palladam B.O,641659,COIMBATORE
Kannampalayam B.O,641402,COIMBATORE
Karadibavi S.O,641658,COIMBATORE
Karavalimadapur B.O,641668,COIMBATORE
Karumathampatti S.O,641659,COIMBATORE
Kettanur S.O,641671,COIMBATORE
Kodangipalayam B.O,641662,COIMBATORE
Komarapalayam B.O,641669,COIMBATORE
Ksn Puram S.O,641662,COIMBATORE
Lakshminaickenpalayam B.O,641658,COIMBATORE
Madapur B.O,641664,COIMBATORE
Malayadipalayam B.O,641669,COIMBATORE
Mandiripalayam B.O,641671,COIMBATORE
Moperipalayam B.O,641659,COIMBATORE
Muthugoundenpudur S.O,641402,COIMBATORE
Naranapuram B.O,641664,COIMBATORE
Nathagoundenpalayam B.O,641664,COIMBATORE
Ngr Road S.O,641664,COIMBATORE
Oddarpalayam B.O,641103,COIMBATORE
P.Vadugapalayam B.O,641664,COIMBATORE
Paduvampalli B.O,641659,COIMBATORE
Palladam S.O,641664,COIMBATORE
Pallapalayam B.O,641663,COIMBATORE
Panickampatti B.O,641664,COIMBATORE
Paruvoi B.O,641658,COIMBATORE
Pongalur S.O,641667,COIMBATORE
Poomalur B.O,641663,COIMBATORE
Puliamarathupalayam B.O,641669,COIMBATORE
Puliampatti B.O,641658,COIMBATORE
Purandampalayam B.O,641669,COIMBATORE
Rasipalayam B.O,641402,COIMBATORE
Ravathur B.O,641103,COIMBATORE
S.Ayyampalayam B.O,641671,COIMBATORE
Samalapuram B.O,641663,COIMBATORE
Semmandampalayam B.O,641668,COIMBATORE
Senjeri B.O,641669,COIMBATORE
Senjeriputhur B.O,641671,COIMBATORE
Siddanaickenpalayam B.O,641658,COIMBATORE
Subarayanpudur B.O,641668,COIMBATORE
Sukkampalayam B.O,641662,COIMBATORE
Sultanpet S.O,641669,COIMBATORE
Sulur S.O,641402,COIMBATORE
Talakarai B.O,641671,COIMBATORE
V.Kallipalayam B.O,641664,COIMBATORE
V.Vadamalaipalayam B.O,641664,COIMBATORE
Vadambacherry B.O,641669,COIMBATORE
Vadavedampatti B.O,641671,COIMBATORE
Vadugankallipalayam B.O,641663,COIMBATORE
Vaharayampalayam B.O,641659,COIMBATORE
Vanjipalayam B.O,641663,COIMBATORE
Vavipalayamkettanur B.O,641671,COIMBATORE
Velappanaickenpalayam B.O,641669,COIMBATORE
Vengitapuram B.O,641664,COIMBATORE
Ganganaickenpalayam B.O,641667,COIMBATORE
Achipatti B.O,642002,COIMBATORE
Akilandapuram B.O,642004,COIMBATORE
Akkamalai B.O,642127,COIMBATORE
Alagirichettipalayam B.O,642110,COIMBATORE
Aliyar Nagar S.O,642101,COIMBATORE
Ambarampalayam S.O,642103,COIMBATORE
Anaimalai S.O,642104,COIMBATORE
Andipalayam B.O,642120,COIMBATORE
Angalakurichi S.O,642007,COIMBATORE
Arasampalayam B.O,642109,COIMBATORE
Athu Pollachi B.O,642103,COIMBATORE
Chinna Negamam B.O,642120,COIMBATORE
Chinnakallar B.O,642106,COIMBATORE
Chinnappampalayam B.O,642104,COIMBATORE
Cinchona East B.O,642106,COIMBATORE
Cinchona S.O,642106,COIMBATORE
Dasanaicken Palayam B.O,642202,COIMBATORE
Devambadi B.O,642005,COIMBATORE
Devarayapuram B.O,642110,COIMBATORE
Devenampalayam B.O,642120,COIMBATORE
Divansapudur B.O,642103,COIMBATORE
Ganapathipalayam B.O,642103,COIMBATORE
Gandhi Market S.O,642001,COIMBATORE
High Forest B.O,642127,COIMBATORE
Iyerpadi S.O,642108,COIMBATORE
Jakkarpalayam S.O,642202,COIMBATORE
Kadamparai Power House B.O,642101,COIMBATORE
Kakkadavoo B.O,642120,COIMBATORE
Kaliapuram B.O,642110,COIMBATORE
Kaliapuram B.O,642129,COIMBATORE
Kambalapatti B.O,642007,COIMBATORE
Kanjampatti B.O,642003,COIMBATORE
Kappalankarai B.O,642120,COIMBATORE
Karamalai Bazaar S.O,642130,COIMBATORE
Karuppampalayam B.O,642004,COIMBATORE
Kattampatti B.O,642202,COIMBATORE
Kinathukadavoo S.O,642109,COIMBATORE
Kondagoundenpalayam B.O,642120,COIMBATORE
Kondampatti B.O,641202,COIMBATORE
Korangumudi B.O,642127,COIMBATORE
Kothavadi B.O,642109,COIMBATORE
Kovilpalayam S.O,642110,COIMBATORE
Kurumbapalayam B.O,642002,COIMBATORE
Kurunallipalayam B.O,641202,COIMBATORE
Mahalinga Puram S.O,642002,COIMBATORE
Makkinaicken Patti S.O,642003,COIMBATORE
Malayandipattinam S.O,642114,COIMBATORE
Manamboli B.O,642127,COIMBATORE
Mannur B.O,642005,COIMBATORE
Mappillaigoundenpudur B.O,642005,COIMBATORE
Mettubavi B.O,641202,COIMBATORE
Mettupalayam B.O,642110,COIMBATORE
Minparai B.O,642101,COIMBATORE
Mohavanur B.O,642202,COIMBATORE
Moongiltholuvu B.O,642202,COIMBATORE
Mount Stuart B.O,642105,COIMBATORE
Mudis S.O,642117,COIMBATORE
Murugali Bazaar S.O,642118,COIMBATORE
Muthur B.O,642109,COIMBATORE
N.G.M College S.O,642001,COIMBATORE
Nallamudi B.O,642117,COIMBATORE
Nallatipalayam B.O,642109,COIMBATORE
Nalluthukuli B.O,642005,COIMBATORE
Navamalai Camp B.O,642101,COIMBATORE
Negamam S.O,642120,COIMBATORE
Nirar Dam B.O,642127,COIMBATORE
Odayakulam B.O,642129,COIMBATORE
Old Valparai B.O,642127,COIMBATORE
Palanigoundenpudur B.O,642002,COIMBATORE
Palarpathy B.O,642109,COIMBATORE
Pannimade S.O,642131,COIMBATORE
Paralai B.O,642108,COIMBATORE
Periapodu B.O,642103,COIMBATORE
Periya Kallar B.O,642106,COIMBATORE
Pethanaickanur B.O,642134,COIMBATORE
Pollachi Bazaar S.O,642001,COIMBATORE
Pollachi H.O,642001,COIMBATORE
Pollachi R.S S.O,642001,COIMBATORE
Poravipalayam B.O,642110,COIMBATORE
Puliampatti B.O,642002,COIMBATORE
R.Ponnapuram B.O,642002,COIMBATORE
Ramachandrapuram B.O,642120,COIMBATORE
Ramanamudali Pudur B.O,642134,COIMBATORE
Ramapattinam B.O,642005,COIMBATORE
Reddiarur B.O,642007,COIMBATORE
Samathur S.O,642123,COIMBATORE
Sarkarpathi B.O,642133,COIMBATORE
Senguttaipalayam B.O,642120,COIMBATORE
Sethumadai S.O,642133,COIMBATORE
Settiakkapalayam B.O,642120,COIMBATORE
Sheikalmudi B.O,642118,COIMBATORE
Sholayar Nagar S.O,642125,COIMBATORE
Sholayar S.O,642124,COIMBATORE
Singarampalayam B.O,642109,COIMBATORE
Sirukalandai B.O,642202,COIMBATORE
Sirukundra S.O,642153,COIMBATORE
Sokkanur B.O,642109,COIMBATORE
Solvampalayam B.O,642109,COIMBATORE
Somandurai S.O,642134,COIMBATORE
Subbegoundenpudur B.O,642103,COIMBATORE
Sulakkal B.O,642110,COIMBATORE
Suleeswaran Patti S.O,642006,COIMBATORE
T.Kottampatti B.O,642002,COIMBATORE
Thalakarai B.O,642005,COIMBATORE
Thalanar B.O,642105,COIMBATORE
Thamaraikulam B.O,642109,COIMBATORE
Thathur B.O,642104,COIMBATORE
Thimmankothu B.O,642005,COIMBATORE
Thondamuthur B.O,642123,COIMBATORE
Topslip B.O,642133,COIMBATORE
Unjavelampatti B.O,642003,COIMBATORE
Upper Aliyar Dam B.O,642101,COIMBATORE
Urulikkal B.O,642127,COIMBATORE
Uthukuli Zamin S.O,642004,COIMBATORE
Vadakkipalayam B.O,642110,COIMBATORE
Vadasithur S.O,641202,COIMBATORE
Vagatholuvu B.O,642202,COIMBATORE
Valaparai S.O,642127,COIMBATORE
Vedasanthur B.O,642007,COIMBATORE
Veeralpatti B.O,642123,COIMBATORE
Vellalapalayam B.O,642120,COIMBATORE
Vellamalai B.O,642130,COIMBATORE
Vellonie B.O,642127,COIMBATORE
Vettaikaran Pudur S.O,642129,COIMBATORE
Virugalpatti B.O,642120,COIMBATORE
Water Falls Estate S.O,642105,COIMBATORE
Waverly B.O,642105,COIMBATORE
Zamin Kottampatti B.O,642123,COIMBATORE
Zamin Muthur S.O,642005,COIMBATORE
Andipalayam B.O,641687,COIMBATORE
Anuppapalayam S.O,641652,COIMBATORE
Arasampalayam B.O,641604,COIMBATORE
Ayyankalipalayam B.O,641603,COIMBATORE
Elavanthi B.O,641664,COIMBATORE
Gandhinagar S.O,641603,COIMBATORE
Iduvampalayam S.O,641687,COIMBATORE
Iduvoi B.O,641687,COIMBATORE
Ittiveerampalayam B.O,641666,COIMBATORE
Kallampalayam Road B.O,641602,COIMBATORE
Kannakkampalayam B.O,641666,COIMBATORE
Karunampathi B.O,641666,COIMBATORE
Karuvampalayam B.O,641604,COIMBATORE
Kathankanni B.O,641604,COIMBATORE
Katturpalldam B.O,641667,COIMBATORE
Knp Colony S.O,641608,COIMBATORE
Kumarnagar S.O,641603,COIMBATORE
Mangalam S.O,641663,COIMBATORE
Mannarai B.O,641607,COIMBATORE
Manur B.O,641606,COIMBATORE
Maruduraiyanvalasu B.O,641604,COIMBATORE
Mudalipalayam B.O,641606,COIMBATORE
Muthanampalayam B.O,641606,COIMBATORE
Nachipalayam B.O,641606,COIMBATORE
Nallur B.O,641606,COIMBATORE
Perumanallur S.O,641666,COIMBATORE
Pichampalayampudur B.O,641603,COIMBATORE
Pn Road S.O,641602,COIMBATORE
Pongupalayam B.O,641666,COIMBATORE
Puluvapatti B.O,641602,COIMBATORE
Sirupuluvapatti B.O,641603,COIMBATORE
T.C.Market S.O,641604,COIMBATORE
Tea Nagar B.O,641606,COIMBATORE
Tiruneelakandapuram B.O,641607,COIMBATORE
Tirupur Bazaar S.O,641604,COIMBATORE
Tirupur East S.O,641607,COIMBATORE
Tirupur H.O,641601,COIMBATORE
Tirupur North S.O,641602,COIMBATORE
Vavipalayam B.O,641666,COIMBATORE
Veerapandi S.O,641605,COIMBATORE
Vijayapuram S.O,641606,COIMBATORE
Chellappampalayam B.O,642207,COIMBATORE
A.Nagore B.O,642205,COIMBATORE
Amandakadavoo B.O,642201,COIMBATORE
Amaravathi Nagar S.O,642102,COIMBATORE
Ammapatti B.O,642205,COIMBATORE
Andigoundanur B.O,642154,COIMBATORE
Athukinathupatti B.O,642206,COIMBATORE
Deepalapatti B.O,642132,COIMBATORE
Devanurpudur B.O,642207,COIMBATORE
Dhully B.O,642112,COIMBATORE
Doddampatti B.O,642205,COIMBATORE
Elayamuthur B.O,642154,COIMBATORE
Eripalayam S.O,642126,COIMBATORE
Eripatti B.O,642205,COIMBATORE
Erisinampatti B.O,642207,COIMBATORE
Ganapathipalayam B.O,642122,COIMBATORE
Gandhinagar S.O,642154,COIMBATORE
Gomangalam S.O,642107,COIMBATORE
Gudimangalam S.O,642201,COIMBATORE
Jallipatti B.O,642112,COIMBATORE
Jothampatti B.O,642203,COIMBATORE
Kadathur B.O,642203,COIMBATORE
Kallapuram B.O,642102,COIMBATORE
Kaniyur S.O,642203,COIMBATORE
Kannamanaickanur B.O,642154,COIMBATORE
Karatholuvu B.O,642203,COIMBATORE
Kodingium B.O,642122,COIMBATORE
Kolarpatti B.O,642107,COIMBATORE
Kolumam B.O,642204,COIMBATORE
Komaralingam S.O,642204,COIMBATORE
Kondampatti B.O,642201,COIMBATORE
Kongalnagaram B.O,642205,COIMBATORE
Kottamangalam B.O,642201,COIMBATORE
Krishnapuram S.O,642111,COIMBATORE
Kuralkuttai B.O,642154,COIMBATORE
Kurichikottai S.O,642112,COIMBATORE
Lakshmapuram B.O,642107,COIMBATORE
Madathukulam S.O,642113,COIMBATORE
Manupatti B.O,642112,COIMBATORE
Metrathi B.O,642203,COIMBATORE
Munduvelampatti B.O,642206,COIMBATORE
Myvadi B.O,642203,COIMBATORE
Nallannagoundanpudur B.O,642204,COIMBATORE
Pallapalayam B.O,642112,COIMBATORE
Pappankulam B.O,642204,COIMBATORE
Pedappampatti S.O,642205,COIMBATORE
Periakomarapalayam B.O,642201,COIMBATORE
Periapatti B.O,642201,COIMBATORE
Poosaripatti B.O,642205,COIMBATORE
Pottikkampalayam B.O,642206,COIMBATORE
Pudupalayam B.O,642205,COIMBATORE
Pukkulam B.O,642154,COIMBATORE
Pulankinar S.O,642122,COIMBATORE
Pulavadi S.O,642206,COIMBATORE
Pungamuthur S.O,642207,COIMBATORE
Ravanapuram B.O,642207,COIMBATORE
Rudrapalayam B.O,642204,COIMBATORE
Samarayapatti B.O,642204,COIMBATORE
Saminathapuram B.O,642113,COIMBATORE
Sarkarkannadipudur B.O,642113,COIMBATORE
Seelakkampatti B.O,642205,COIMBATORE
Sengattupalayam B.O,642206,COIMBATORE
Senjellappagoundenpudur B.O,642122,COIMBATORE
Solamadevi B.O,642113,COIMBATORE
Sundakkampalayam B.O,642132,COIMBATORE
Thenkumarapalayam B.O,642107,COIMBATORE
Thippampatti B.O,642107,COIMBATORE
Thirumurthi Nagar B.O,642112,COIMBATORE
Thumbalapatti B.O,642154,COIMBATORE
Thungavi B.O,642203,COIMBATORE
Udamalpet Bazaar S.O,642126,COIMBATORE
Udamalpet East S.O,642126,COIMBATORE
Udamalpet H.O,642126,COIMBATORE
Udamalpet South S.O,642126,COIMBATORE
Udukkampalayam B.O,642207,COIMBATORE
Uralpatti B.O,642204,COIMBATORE
Vadugapalayam B.O,642205,COIMBATORE
Valavadi S.O,642132,COIMBATORE
Vedapatti B.O,642203,COIMBATORE
Venkatesa Mills S.O,642128,COIMBATORE
Vilamarathupatti B.O,642207,COIMBATORE
Bodipatti B.O,642154,COIMBATORE
