Regionname,Neighborhood,PostalCode
GOA,Bareja S.O (Ahmedabad),382425
GOA,C.C.Altinho S.O,403001
GOA,Caranzalem S.O,403002
GOA,Nio Dona Paula S.O,403004
GOA,Santa Cruz S.O,403005
GOA,Chimbel B.O,403006
GOA,Penha De France B.O,403101
GOA,Chorao S.O,403102
GOA,Tarvalem B.O,403103
GOA,Mandur B.O,403104
GOA,Velguem B.O,403105
GOA,Sant Estevam S.O,403106
GOA,Marcela S.O,403107
GOA,Siridao B.O,403108
GOA,N B Verem S.O,403109
GOA,Carambolim B.O,403110
GOA,Pilerne B.O,403114
GOA,Cundiam B.O,403115
GOA,Bambolim Camp S.O,403201
GOA,Bambolim Complex S.O,403202
GOA,Pilar S.O (North Goa),403203
GOA,St. Lourence S.O,403204
GOA,Goa University S.O,403206
GOA,Ponda S.O,403401
GOA,Velha-goa S.O,403402
GOA,Malar B.O,403403
GOA,Mardol S.O,403404
GOA,Candepar B.O,403406
GOA,Betora I.E. S.O,403409
GOA,Collem S.O,403410
GOA,Porvorim S.O,403501
GOA,Tivim S.O,403502
GOA,Assonora S.O,403503
GOA,Bicholim S.O,403504
GOA,Sanquelim S.O,403505
GOA,Guleli B.O,403506
GOA,Mapusa I.E. S.O,403507
GOA,Aldona S.O,403508
GOA,Caisua B.O,403509
GOA,Parra S.O,403510
GOA,Sangolda B.O,403511
GOA,Cansarvornem B.O,403512
GOA,Colvale S.O,403513
GOA,Sinquerim S.O,403515
GOA,Arpora B.O,403516
GOA,Siolim S.O,403517
GOA,Alto Betim S.O,403521
GOA,Carona S.O,403523
GOA,Qurinpani B.O,403524
GOA,Tivim Ie S.O,403526
GOA,Mandrem S.O,403527
GOA,Bicholim Industrial Estate S.O,403529
GOA,Onda I.E. S.O,403530
GOA,Gandhi Market Complex Margao S.O,403601
GOA,Fatorda S.O,403602
GOA,Assolna S.O,403701
GOA,Agonda B.O,403702
GOA,Cananguinim B.O,403703
GOA,Valkini B.O,403704
GOA,Xeldem B.O,403705
GOA,Quirlapale B.O,403706
GOA,Davorlim B.O,403707
GOA,Colva S.O,403708
GOA,Curtorim S.O,403709
GOA,Cortalim S.O,403710
GOA,Chicalim S.O,403711
GOA,Cansaulim S.O,403712
GOA,Betalbhatim B.O,403713
GOA,Chandor S.O,403714
GOA,Chinchinim S.O,403715
GOA,Benaulim S.O,403716
GOA,Carmona S.O,403717
GOA,Camurlim B.O,403718
GOA,Sem-rachol  Soso S.O,403719
GOA,Raia S.O,403720
GOA,Varca S.O,403721
GOA,Verna S.O,403722
GOA,Ambelim B.O,403723
GOA,Orlim S.O,403724
GOA,Dramapur S.O,403725
GOA,Zuarinagar S.O,403726
GOA,Loliem Polem B.O,403728
GOA,Navelim Camp S.O,403729
GOA,Cavelossim S.O,403731
GOA,A.P.Terminal S.O,403801
GOA,Baina S.O,403802
GOA,Mormugao S.O,403803
GOA,Sada S.O,403804
GOA,Bogmalo S.O,403806
